province_state,country_region,date,latitude,longitude,location_geom,confirmed,deaths,recovered,active,fips,admin2,combined_key
,Brunei,25/06/2020,"4,5353","114,7277",POINT(114.7277 4.5353),141,3,138,0,,,Brunei
,Bulgaria,25/06/2020,"42,7339","25,4858",POINT(25.4858 42.7339),4408,211,2370,1827,,,Bulgaria
,Burkina Faso,25/06/2020,"12,2383","-1,5616",POINT(-1.5616 12.2383),934,53,826,55,,,Burkina Faso
,Burma,25/06/2020,"21,9162","95,956",POINT(95.956 21.9162),293,6,211,76,,,Burma
,Burundi,25/06/2020,"-3,3731","29,9189",POINT(29.9189 -3.3731),144,1,93,50,,,Burundi
,Cabo Verde,25/06/2020,"16,5388","-23,0418",POINT(-23.0418 16.5388),1003,8,562,433,,,Cabo Verde
,Cambodia,25/06/2020,"11,55","104,9167",POINT(104.9167 11.55),130,0,127,3,,,Cambodia
,Cameroon,25/06/2020,"3,848","11,5021",POINT(11.5021 3.848),12592,313,10100,2179,,,Cameroon
,Central African Republic,25/06/2020,"6,6111","20,9394",POINT(20.9394 6.6111),3244,40,607,2597,,,Central African Republic
,Chad,25/06/2020,"15,4542","18,7322",POINT(18.7322 15.4542),863,74,774,15,,,Chad
,Comoros,25/06/2020,"-11,6455","43,3333",POINT(43.3333 -11.6455),272,7,161,104,,,Comoros
,Congo (Brazzaville),25/06/2020,"-0,228","15,8277",POINT(15.8277 -0.228),1087,37,456,594,,,Congo (Brazzaville)
,Congo (Kinshasa),25/06/2020,"-4,0383","21,7587",POINT(21.7587 -4.0383),6411,142,885,5384,,,Congo (Kinshasa)
,Costa Rica,25/06/2020,"9,7489","-83,7534",POINT(-83.7534 9.7489),2684,12,1227,1445,,,Costa Rica
,Cote d'Ivoire,25/06/2020,"7,54","-5,5471",POINT(-5.5471 7.54),8334,60,3487,4787,,,Cote d'Ivoire
,Croatia,25/06/2020,"45,1","15,2",POINT(15.2 45.1),2483,107,2149,227,,,Croatia
,Cuba,25/06/2020,"21,521757","-77,781167",POINT(-77.781167 21.521757),2321,85,2171,65,,,Cuba
,Cyprus,25/06/2020,"35,1264","33,4299",POINT(33.4299 35.1264),992,19,824,149,,,Cyprus
,Czechia,25/06/2020,"49,8175","15,473",POINT(15.473 49.8175),10870,345,7649,2876,,,Czechia
,Denmark,25/06/2020,"56,2639","9,5018",POINT(9.5018 56.2639),12636,603,11460,573,,,Denmark
,Diamond Princess,25/06/2020,,,,712,13,651,48,,,Diamond Princess
,Djibouti,25/06/2020,"11,8251","42,5903",POINT(42.5903 11.8251),4635,52,4269,314,,,Djibouti
,Dominica,25/06/2020,"15,415","-61,371",POINT(-61.371 15.415),18,0,18,0,,,Dominica
,Dominican Republic,25/06/2020,"18,7357","-70,1627",POINT(-70.1627 18.7357),29141,698,16223,12220,,,Dominican Republic
,Ecuador,25/06/2020,"-1,8312","-78,1834",POINT(-78.1834 -1.8312),53156,4343,26097,22716,,,Ecuador
,Egypt,25/06/2020,"26,820553","30,802498",POINT(30.802498 26.820553),61130,2533,16338,42259,,,Egypt
,El Salvador,25/06/2020,"13,7942","-88,8965",POINT(-88.8965 13.7942),5336,126,3116,2094,,,El Salvador
,Equatorial Guinea,25/06/2020,"1,6508","10,2679",POINT(10.2679 1.6508),2001,32,515,1454,,,Equatorial Guinea
,Eritrea,25/06/2020,"15,1794","39,7823",POINT(39.7823 15.1794),144,0,39,105,,,Eritrea
,Estonia,25/06/2020,"58,5953","25,0136",POINT(25.0136 58.5953),1984,69,1790,125,,,Estonia
,Eswatini,25/06/2020,"-26,5225","31,4659",POINT(31.4659 -26.5225),706,8,347,351,,,Eswatini
,Ethiopia,25/06/2020,"9,145","40,4897",POINT(40.4897 9.145),5175,81,1544,3550,,,Ethiopia
,Fiji,25/06/2020,"-17,7134","178,065",POINT(178.065 -17.7134),18,0,18,0,,,Fiji
,Finland,25/06/2020,"61,92411","25,748151",POINT(25.748151 61.92411),7172,327,6600,245,,,Finland
,France,25/06/2020,"46,2276","2,2137",POINT(2.2137 46.2276),191288,29680,71322,90286,,,France
,Gabon,25/06/2020,"-0,8037","11,6094",POINT(11.6094 -0.8037),5087,40,2270,2777,,,Gabon
,Gambia,25/06/2020,"13,4432","-15,3101",POINT(-15.3101 13.4432),43,2,26,15,,,Gambia
,Georgia,25/06/2020,"42,3154","43,3569",POINT(43.3569 42.3154),917,14,776,127,,,Georgia
,Ghana,25/06/2020,"7,9465","-1,0232",POINT(-1.0232 7.9465),15473,95,11431,3947,,,Ghana
,Greece,25/06/2020,"39,0742","21,8243",POINT(21.8243 39.0742),3321,191,1374,1756,,,Greece
,Grenada,25/06/2020,"12,1165","-61,679",POINT(-61.679 12.1165),23,0,23,0,,,Grenada
,Guatemala,25/06/2020,"15,7835","-90,2308",POINT(-90.2308 15.7835),15619,623,2949,12047,,,Guatemala
,Guinea,25/06/2020,"9,9456","-9,6966",POINT(-9.6966 9.9456),5174,29,3861,1284,,,Guinea
,Guinea-Bissau,25/06/2020,"11,8037","-15,1804",POINT(-15.1804 11.8037),1556,19,191,1346,,,Guinea-Bissau
,Guyana,25/06/2020,"4,860416","-58,93018",POINT(-58.93018 4.860416),215,12,108,95,,,Guyana
,Haiti,25/06/2020,"18,9712","-72,2852",POINT(-72.2852 18.9712),5543,96,512,4935,,,Haiti
,Holy See,25/06/2020,"41,9029","12,4534",POINT(12.4534 41.9029),12,0,12,0,,,Holy See
,Honduras,25/06/2020,"15,2","-86,2419",POINT(-86.2419 15.2),15366,426,1600,13340,,,Honduras
,Hungary,25/06/2020,"47,1625","19,5033",POINT(19.5033 47.1625),4123,577,2640,906,,,Hungary
,Iceland,25/06/2020,"64,9631","-19,0208",POINT(-19.0208 64.9631),1830,10,1811,9,,,Iceland
,Indonesia,25/06/2020,"-0,7893","113,9213",POINT(113.9213 -0.7893),50187,2620,20449,27118,,,Indonesia
,Iran,25/06/2020,"32,427908","53,688046",POINT(53.688046 32.427908),215096,10130,175103,29863,,,Iran
,Iraq,25/06/2020,"33,223191","43,679291",POINT(43.679291 33.223191),39139,1437,18051,19651,,,Iraq
,Ireland,25/06/2020,"53,1424","-7,6921",POINT(-7.6921 53.1424),25405,1727,23364,314,,,Ireland
,Israel,25/06/2020,"31,046051","34,851612",POINT(34.851612 31.046051),22400,309,16007,6084,,,Israel
,Jamaica,25/06/2020,"18,1096","-77,2975",POINT(-77.2975 18.1096),684,10,526,148,,,Jamaica
,Jordan,25/06/2020,"31,24","36,51",POINT(36.51 31.24),1086,9,797,280,,,Jordan
,Kazakhstan,25/06/2020,"48,0196","66,9237",POINT(66.9237 48.0196),19750,140,12220,7390,,,Kazakhstan
,Kenya,25/06/2020,"-0,0236","37,9062",POINT(37.9062 -0.0236),5384,132,1857,3395,,,Kenya
,"Korea, South",25/06/2020,"35,907757","127,766922",POINT(127.766922 35.907757),12602,282,11172,1148,,,"Korea, South"
,Kosovo,25/06/2020,"42,602636","20,902977",POINT(20.902977 42.602636),2169,37,1047,1085,,,Kosovo
,Kuwait,25/06/2020,"29,31166","47,481766",POINT(47.481766 29.31166),42788,339,33367,9082,,,Kuwait
,Kyrgyzstan,25/06/2020,"41,20438","74,766098",POINT(74.766098 41.20438),4204,43,2162,1999,,,Kyrgyzstan
,Laos,25/06/2020,"19,85627","102,495496",POINT(102.495496 19.85627),19,0,19,0,,,Laos
,Latvia,25/06/2020,"56,8796","24,6032",POINT(24.6032 56.8796),1111,30,903,178,,,Latvia
,Lebanon,25/06/2020,"33,8547","35,8623",POINT(35.8623 33.8547),1662,33,1144,485,,,Lebanon
,Lesotho,25/06/2020,"-29,609988","28,233608",POINT(28.233608 -29.609988),17,0,2,15,,,Lesotho
,Liberia,25/06/2020,"6,428055","-9,429499",POINT(-9.429499 6.428055),681,34,278,369,,,Liberia
,Libya,25/06/2020,"26,3351","17,228331",POINT(17.228331 26.3351),698,18,140,540,,,Libya
,Liechtenstein,25/06/2020,"47,14","9,55",POINT(9.55 47.14),82,1,81,0,,,Liechtenstein
,Lithuania,25/06/2020,"55,1694","23,8813",POINT(23.8813 55.1694),1806,78,1494,234,,,Lithuania
,Luxembourg,25/06/2020,"49,8153","6,1296",POINT(6.1296 49.8153),4151,110,3968,73,,,Luxembourg
,MS Zaandam,25/06/2020,,,,9,2,0,7,,,MS Zaandam
,Madagascar,25/06/2020,"-18,766947","46,869107",POINT(46.869107 -18.766947),1829,16,823,990,,,Madagascar
,Malawi,25/06/2020,"-13,254308","34,301525",POINT(34.301525 -13.254308),960,12,260,688,,,Malawi
,Malaysia,25/06/2020,"4,210484","101,975766",POINT(101.975766 4.210484),8600,121,8271,208,,,Malaysia
,Maldives,25/06/2020,"3,2028","73,2207",POINT(73.2207 3.2028),2277,8,1848,421,,,Maldives
,Mali,25/06/2020,"17,570692","-3,996166",POINT(-3.996166 17.570692),2039,113,1383,543,,,Mali
,Malta,25/06/2020,"35,9375","14,3754",POINT(14.3754 35.9375),668,9,627,32,,,Malta
,Mauritania,25/06/2020,"21,0079","-10,9408",POINT(-10.9408 21.0079),3739,119,1225,2395,,,Mauritania
,Mauritius,25/06/2020,"-20,348404","57,552152",POINT(57.552152 -20.348404),341,10,326,5,,,Mauritius
,Moldova,25/06/2020,"47,4116","28,3699",POINT(28.3699 47.4116),15453,502,8599,6352,,,Moldova
,Monaco,25/06/2020,"43,7333","7,4167",POINT(7.4167 43.7333),102,4,95,3,,,Monaco
,Mongolia,25/06/2020,"46,8625","103,8467",POINT(103.8467 46.8625),219,0,170,49,,,Mongolia
,Montenegro,25/06/2020,"42,708678","19,37439",POINT(19.37439 42.708678),414,9,315,90,,,Montenegro
,Morocco,25/06/2020,"31,7917","-7,0926",POINT(-7.0926 31.7917),11338,217,8500,2621,,,Morocco
,Mozambique,25/06/2020,"-18,665695","35,529562",POINT(35.529562 -18.665695),788,5,221,562,,,Mozambique
,Namibia,25/06/2020,"-22,9576","18,4904",POINT(18.4904 -22.9576),102,0,21,81,,,Namibia
,Nepal,25/06/2020,"28,1667","84,25",POINT(84.25 28.1667),11162,26,2650,8486,,,Nepal
,Netherlands,25/06/2020,"52,1326","5,2913",POINT(5.2913 52.1326),49914,6100,0,43814,,,Netherlands
,New Zealand,25/06/2020,"-40,9006","174,886",POINT(174.886 -40.9006),1520,22,1484,14,,,New Zealand
,Nicaragua,25/06/2020,"12,865416","-85,207229",POINT(-85.207229 12.865416),2170,74,1238,858,,,Nicaragua
,Niger,25/06/2020,"17,607789","8,081666",POINT(8.081666 17.607789),1056,67,917,72,,,Niger
,Nigeria,25/06/2020,"9,082","8,6753",POINT(8.6753 9.082),22614,549,7822,14243,,,Nigeria
,North Macedonia,25/06/2020,"41,6086","21,7453",POINT(21.7453 41.6086),5595,265,2166,3164,,,North Macedonia
,Norway,25/06/2020,"60,472","8,4689",POINT(8.4689 60.472),8788,249,8138,401,,,Norway
,Oman,25/06/2020,"21,512583","55,923255",POINT(55.923255 21.512583),34902,144,18520,16238,,,Oman
,Panama,25/06/2020,"8,538","-80,7821",POINT(-80.7821 8.538),29037,564,14800,13673,,,Panama
,Papua New Guinea,25/06/2020,"-6,314993","143,95555",POINT(143.95555 -6.314993),10,0,8,2,,,Papua New Guinea
,Paraguay,25/06/2020,"-23,4425","-58,4438",POINT(-58.4438 -23.4425),1569,13,976,580,,,Paraguay
,Philippines,25/06/2020,"12,879721","121,774017",POINT(121.774017 12.879721),33069,1212,8910,22947,,,Philippines
,Poland,25/06/2020,"51,9194","19,1451",POINT(19.1451 51.9194),33119,1412,18654,13053,,,Poland
,Portugal,25/06/2020,"39,3999","-8,2245",POINT(-8.2245 39.3999),40415,1549,26382,12484,,,Portugal
,Qatar,25/06/2020,"25,3548","51,1839",POINT(51.1839 25.3548),91838,106,74544,17188,,,Qatar
,Romania,25/06/2020,"45,9432","24,9668",POINT(24.9668 45.9432),25286,1565,17906,5815,,,Romania
,Rwanda,25/06/2020,"-1,9403","29,8739",POINT(29.8739 -1.9403),850,2,385,463,,,Rwanda
,Saint Kitts and Nevis,25/06/2020,"17,357822","-62,782998",POINT(-62.782998 17.357822),15,0,15,0,,,Saint Kitts and Nevis
,Saint Lucia,25/06/2020,"13,9094","-60,9789",POINT(-60.9789 13.9094),19,0,19,0,,,Saint Lucia
,Saint Vincent and the Grenadines,25/06/2020,"12,9843","-61,2872",POINT(-61.2872 12.9843),29,0,29,0,,,Saint Vincent and the Grenadines
,San Marino,25/06/2020,"43,9424","12,4578",POINT(12.4578 43.9424),698,42,653,3,,,San Marino
,Sao Tome and Principe,25/06/2020,"0,18636","6,613081",POINT(6.613081 0.18636),711,13,214,484,,,Sao Tome and Principe
,Saudi Arabia,25/06/2020,"23,885942","45,079162",POINT(45.079162 23.885942),170639,1428,117882,51329,,,Saudi Arabia
,Senegal,25/06/2020,"14,4974","-14,4524",POINT(-14.4524 14.4974),6233,94,4162,1977,,,Senegal
,Serbia,25/06/2020,"44,0165","21,0059",POINT(21.0059 44.0165),13372,264,12154,954,,,Serbia
,Seychelles,25/06/2020,"-4,6796","55,492",POINT(55.492 -4.6796),11,0,11,0,,,Seychelles
,Sierra Leone,25/06/2020,"8,460555","-11,779889",POINT(-11.779889 8.460555),1354,56,869,429,,,Sierra Leone
,Singapore,25/06/2020,"1,2833","103,8333",POINT(103.8333 1.2833),42736,26,36604,6106,,,Singapore
,Slovakia,25/06/2020,"48,669","19,699",POINT(19.699 48.669),1630,28,1452,150,,,Slovakia
,Slovenia,25/06/2020,"46,1512","14,9955",POINT(14.9955 46.1512),1547,109,1376,62,,,Slovenia
,Somalia,25/06/2020,"5,152149","46,199616",POINT(46.199616 5.152149),2878,90,868,1920,,,Somalia
,South Africa,25/06/2020,"-30,5595","22,9375",POINT(22.9375 -30.5595),118375,2292,59974,56109,,,South Africa
,South Sudan,25/06/2020,"6,877","31,307",POINT(31.307 6.877),1942,36,224,1682,,,South Sudan
,Sri Lanka,25/06/2020,"7,873054","80,771797",POINT(80.771797 7.873054),2010,11,1602,397,,,Sri Lanka
,Sudan,25/06/2020,"12,8628","30,2176",POINT(30.2176 12.8628),8984,556,3806,4622,,,Sudan
,Suriname,25/06/2020,"3,9193","-56,0278",POINT(-56.0278 3.9193),373,10,176,187,,,Suriname
,Switzerland,25/06/2020,"46,8182","8,2275",POINT(8.2275 46.8182),31428,1958,29000,470,,,Switzerland
,Syria,25/06/2020,"34,802075","38,996815",POINT(38.996815 34.802075),242,7,96,139,,,Syria
,Taiwan*,25/06/2020,"23,7",121,POINT(121 23.7),447,7,435,5,,,Taiwan*
,Tajikistan,25/06/2020,"38,861034","71,276093",POINT(71.276093 38.861034),5691,52,4267,1372,,,Tajikistan
,Tanzania,25/06/2020,"-6,369028","34,888822",POINT(34.888822 -6.369028),509,21,183,305,,,Tanzania
,Thailand,25/06/2020,"15,870032","100,992541",POINT(100.992541 15.870032),3158,58,3038,62,,,Thailand
,Timor-Leste,25/06/2020,"-8,874217","125,727539",POINT(125.727539 -8.874217),24,0,24,0,,,Timor-Leste
,Togo,25/06/2020,"8,6195","0,8248",POINT(0.8248 8.6195),588,14,394,180,,,Togo
,Trinidad and Tobago,25/06/2020,"10,6918","-61,2225",POINT(-61.2225 10.6918),123,8,109,6,,,Trinidad and Tobago
,Tunisia,25/06/2020,"33,886917","9,537499",POINT(9.537499 33.886917),1162,50,1023,89,,,Tunisia
,Turkey,25/06/2020,"38,9637","35,2433",POINT(35.2433 38.9637),193115,5046,165706,22363,,,Turkey
,Uganda,25/06/2020,"1,373333","32,290275",POINT(32.290275 1.373333),821,0,731,90,,,Uganda
,United Arab Emirates,25/06/2020,"23,424076","53,847818",POINT(53.847818 23.424076),46563,308,35165,11090,,,United Arab Emirates
,Uruguay,25/06/2020,"-32,5228","-55,7658",POINT(-55.7658 -32.5228),907,26,818,63,,,Uruguay
,Uzbekistan,25/06/2020,"41,377491","64,585262",POINT(64.585262 41.377491),7177,20,4877,2280,,,Uzbekistan
,Venezuela,25/06/2020,"6,4238","-66,5897",POINT(-66.5897 6.4238),4563,39,1327,3197,,,Venezuela
,Vietnam,25/06/2020,"14,058324","108,277199",POINT(108.277199 14.058324),352,0,329,23,,,Vietnam
,West Bank and Gaza,25/06/2020,"31,9522","35,2332",POINT(35.2332 31.9522),1382,3,446,933,,,West Bank and Gaza
,Western Sahara,25/06/2020,"24,2155","-12,8858",POINT(-12.8858 24.2155),10,1,8,1,,,Western Sahara
,Yemen,25/06/2020,"15,552727","48,516388",POINT(48.516388 15.552727),1076,288,386,402,,,Yemen
,Zambia,25/06/2020,"-13,133897","27,849332",POINT(27.849332 -13.133897),1497,18,1223,256,,,Zambia
,Zimbabwe,25/06/2020,"-19,015438","29,154857",POINT(29.154857 -19.015438),551,6,128,417,,,Zimbabwe
,Afghanistan,27/06/2021,"33,93911","67,709953",POINT(67.709953 33.93911),111592,4519,68288,38785,,,Afghanistan
,Albania,27/06/2021,"41,1533","20,1683",POINT(20.1683 41.1533),132512,2456,129990,66,,,Albania
,Algeria,27/06/2021,"28,0339","1,6596",POINT(1.6596 28.0339),138465,3693,96335,38437,,,Algeria
,Andorra,27/06/2021,"42,5063","1,5218",POINT(1.5218 42.5063),13882,127,13697,58,,,Andorra
,Angola,27/06/2021,"-11,2027","17,8739",POINT(17.8739 -11.2027),38556,889,32791,4876,,,Angola
,Antigua and Barbuda,27/06/2021,"17,0608","-61,7964",POINT(-61.7964 17.0608),1263,42,1221,0,,,Antigua and Barbuda
,Argentina,27/06/2021,"-38,4161","-63,6167",POINT(-63.6167 -38.4161),4405247,92568,4027510,285169,,,Argentina
,Armenia,27/06/2021,"40,0691","45,0382",POINT(45.0382 40.0691),224797,4508,216558,3731,,,Armenia
Australian Capital Territory,Australia,27/06/2021,"-35,4735","149,0124",POINT(149.0124 -35.4735),124,3,121,0,,,"Australian Capital Territory, Australia"
New South Wales,Australia,27/06/2021,"-33,8688","151,2093",POINT(151.2093 -33.8688),5778,54,0,5724,,,"New South Wales, Australia"
Northern Territory,Australia,27/06/2021,"-12,4634","130,8456",POINT(130.8456 -12.4634),181,0,174,7,,,"Northern Territory, Australia"
Queensland,Australia,27/06/2021,"-27,4698","153,0251",POINT(153.0251 -27.4698),1686,7,1628,51,,,"Queensland, Australia"
South Australia,Australia,27/06/2021,"-34,9285","138,6007",POINT(138.6007 -34.9285),794,4,781,9,,,"South Australia, Australia"
Tasmania,Australia,27/06/2021,"-42,8821","147,3272",POINT(147.3272 -42.8821),234,13,221,0,,,"Tasmania, Australia"
Victoria,Australia,27/06/2021,"-37,8136","144,9631",POINT(144.9631 -37.8136),20708,820,19846,42,,,"Victoria, Australia"
Western Australia,Australia,27/06/2021,"-31,9505","115,8605",POINT(115.8605 -31.9505),1023,9,1010,4,,,"Western Australia, Australia"
,Austria,27/06/2021,"47,5162","14,5501",POINT(14.5501 47.5162),650261,10700,637424,2137,,,Austria
,Azerbaijan,27/06/2021,"40,1431","47,5769",POINT(47.5769 40.1431),335836,4968,330084,784,,,Azerbaijan
,Bahamas,27/06/2021,"25,025885","-78,035889",POINT(-78.035889 25.025885),12467,245,11434,788,,,Bahamas
,Bahrain,27/06/2021,"26,0275","50,55",POINT(50.55 26.0275),265247,1345,259787,4115,,,Bahrain
,Bangladesh,27/06/2021,"23,685","90,3563",POINT(90.3563 23.685),888406,14172,804103,70131,,,Bangladesh
,Barbados,27/06/2021,"13,1939","-59,5432",POINT(-59.5432 13.1939),4075,47,3998,30,,,Barbados
,Belarus,27/06/2021,"53,7098","27,9534",POINT(27.9534 53.7098),415339,3113,408307,3919,,,Belarus
Antwerp,Belgium,27/06/2021,"51,2195","4,4024",POINT(4.4024 51.2195),140949,0,0,140949,,,"Antwerp, Belgium"
Brussels,Belgium,27/06/2021,"50,8503","4,3517",POINT(4.3517 50.8503),133184,0,0,133184,,,"Brussels, Belgium"
East Flanders,Belgium,27/06/2021,"51,0362","3,7373",POINT(3.7373 51.0362),123874,0,0,123874,,,"East Flanders, Belgium"
Flemish Brabant,Belgium,27/06/2021,"50,9167","4,5833",POINT(4.5833 50.9167),82353,0,0,82353,,,"Flemish Brabant, Belgium"
Hainaut,Belgium,27/06/2021,"50,5257","4,0621",POINT(4.0621 50.5257),159320,0,0,159320,,,"Hainaut, Belgium"
Liege,Belgium,27/06/2021,"50,4496","5,8492",POINT(5.8492 50.4496),130951,0,0,130951,,,"Liege, Belgium"
Limburg,Belgium,27/06/2021,"50,9739","5,342",POINT(5.342 50.9739),60992,0,0,60992,,,"Limburg, Belgium"
Luxembourg,Belgium,27/06/2021,"50,0547","5,4677",POINT(5.4677 50.0547),31199,0,0,31199,,,"Luxembourg, Belgium"
Namur,Belgium,27/06/2021,"50,331","4,8221",POINT(4.8221 50.331),59739,0,0,59739,,,"Namur, Belgium"
Unknown,Belgium,27/06/2021,,,,20906,25160,0,-4254,,,"Unknown, Belgium"
Walloon Brabant,Belgium,27/06/2021,"50,4","4,35",POINT(4.35 50.4),41565,0,0,41565,,,"Walloon Brabant, Belgium"
West Flanders,Belgium,27/06/2021,"51,0536","3,1458",POINT(3.1458 51.0536),97444,0,0,97444,,,"West Flanders, Belgium"
,Belize,27/06/2021,"17,1899","-88,4976",POINT(-88.4976 17.1899),13137,329,12612,196,,,Belize
,Benin,27/06/2021,"9,3077","2,3158",POINT(2.3158 9.3077),8170,104,8000,66,,,Benin
,Bhutan,27/06/2021,"27,5142","90,4336",POINT(90.4336 27.5142),2052,1,1747,304,,,Bhutan
,Bolivia,27/06/2021,"-16,2902","-63,5887",POINT(-63.5887 -16.2902),433935,16581,354569,62785,,,Bolivia
,Bosnia and Herzegovina,27/06/2021,"43,9159","17,6791",POINT(17.6791 43.9159),204945,9655,181725,13565,,,Bosnia and Herzegovina
,Botswana,27/06/2021,"-22,3285","24,6849",POINT(24.6849 -22.3285),67492,1095,61341,5056,,,Botswana
Acre,Brazil,27/06/2021,"-9,0238","-70,812",POINT(-70.812 -9.0238),85463,1736,79431,4296,,,"Acre, Brazil"
Alagoas,Brazil,27/06/2021,"-9,5713","-36,782",POINT(-36.782 -9.5713),214509,5281,202571,6657,,,"Alagoas, Brazil"
Amapa,Brazil,27/06/2021,"0,902","-52,003",POINT(-52.003 0.902),116708,1824,94183,20701,,,"Amapa, Brazil"
Amazonas,Brazil,27/06/2021,"-3,4168","-65,8561",POINT(-65.8561 -3.4168),400781,13271,341700,45810,,,"Amazonas, Brazil"
Bahia,Brazil,27/06/2021,"-12,5797","-41,7007",POINT(-41.7007 -12.5797),1119127,23739,1075250,20138,,,"Bahia, Brazil"
Ceara,Brazil,27/06/2021,"-5,4984","-39,3206",POINT(-39.3206 -5.4984),880418,22442,617960,240016,,,"Ceara, Brazil"
Distrito Federal,Brazil,27/06/2021,"-15,7998","-47,8645",POINT(-47.8645 -15.7998),428352,9193,406811,12348,,,"Distrito Federal, Brazil"
Espirito Santo,Brazil,27/06/2021,"-19,1834","-40,3089",POINT(-40.3089 -19.1834),514907,11417,487628,15862,,,"Espirito Santo, Brazil"
Goias,Brazil,27/06/2021,"-15,827","-49,8362",POINT(-49.8362 -15.827),671057,18988,639805,12264,,,"Goias, Brazil"
Maranhao,Brazil,27/06/2021,"-4,9609","-45,2744",POINT(-45.2744 -4.9609),315104,8962,271202,34940,,,"Maranhao, Brazil"
Mato Grosso,Brazil,27/06/2021,"-12,6819","-56,9211",POINT(-56.9211 -12.6819),445653,11722,423781,10150,,,"Mato Grosso, Brazil"
Mato Grosso do Sul,Brazil,27/06/2021,"-20,7722","-54,7852",POINT(-54.7852 -20.7722),333050,8089,307563,17398,,,"Mato Grosso do Sul, Brazil"
Minas Gerais,Brazil,27/06/2021,"-18,5122","-44,555",POINT(-44.555 -18.5122),1786654,45888,1652502,88264,,,"Minas Gerais, Brazil"
Para,Brazil,27/06/2021,"-1,9981","-54,9306",POINT(-54.9306 -1.9981),549528,15406,513108,21014,,,"Para, Brazil"
Paraiba,Brazil,27/06/2021,"-7,24","-36,782",POINT(-36.782 -7.24),391811,8538,249641,133632,,,"Paraiba, Brazil"
Parana,Brazil,27/06/2021,"-25,2521","-52,0215",POINT(-52.0215 -25.2521),1269017,30445,874746,363826,,,"Parana, Brazil"
Pernambuco,Brazil,27/06/2021,"-8,8137","-36,9541",POINT(-36.9541 -8.8137),546537,17551,454676,74310,,,"Pernambuco, Brazil"
Piaui,Brazil,27/06/2021,"-7,7183","-42,7289",POINT(-42.7289 -7.7183),294818,6531,283852,4435,,,"Piaui, Brazil"
Rio Grande do Norte,Brazil,27/06/2021,"-5,4026","-36,9541",POINT(-36.9541 -5.4026),336217,6722,150649,178846,,,"Rio Grande do Norte, Brazil"
Rio Grande do Sul,Brazil,27/06/2021,"-30,0346","-51,2177",POINT(-51.2177 -30.0346),1209799,31117,1153797,24885,,,"Rio Grande do Sul, Brazil"
Rio de Janeiro,Brazil,27/06/2021,"-22,9068","-43,1729",POINT(-43.1729 -22.9068),951360,55181,883613,12566,,,"Rio de Janeiro, Brazil"
Rondonia,Brazil,27/06/2021,"-11,5057","-63,5806",POINT(-63.5806 -11.5057),246818,6113,230656,10049,,,"Rondonia, Brazil"
Roraima,Brazil,27/06/2021,"-2,7376","-62,0751",POINT(-62.0751 -2.7376),111720,1731,102722,7267,,,"Roraima, Brazil"
Santa Catarina,Brazil,27/06/2021,"-27,2423","-50,2189",POINT(-50.2189 -27.2423),1046141,16706,1003492,25943,,,"Santa Catarina, Brazil"
Sao Paulo,Brazil,27/06/2021,"-23,5505","-46,6333",POINT(-46.6333 -23.5505),3696093,126050,3244856,325187,,,"Sao Paulo, Brazil"
Sergipe,Brazil,27/06/2021,"-10,5741","-37,3857",POINT(-37.3857 -10.5741),262447,5652,238862,17933,,,"Sergipe, Brazil"
Tocantins,Brazil,27/06/2021,"-10,1753","-48,2982",POINT(-48.2982 -10.1753),196509,3179,175769,17561,,,"Tocantins, Brazil"
,Brunei,27/06/2021,"4,5353","114,7277",POINT(114.7277 4.5353),259,3,245,11,,,Brunei
,Bulgaria,27/06/2021,"42,7339","25,4858",POINT(25.4858 42.7339),421531,18027,394125,9379,,,Bulgaria
,Burkina Faso,27/06/2021,"12,2383","-1,5616",POINT(-1.5616 12.2383),13478,168,13297,13,,,Burkina Faso
,Burma,27/06/2021,"21,9162","95,956",POINT(95.956 21.9162),153160,3297,135413,14450,,,Burma
,Burundi,27/06/2021,"-3,3731","29,9189",POINT(29.9189 -3.3731),5348,8,773,4567,,,Burundi
,Cabo Verde,27/06/2021,"16,5388","-23,0418",POINT(-23.0418 16.5388),32372,286,31416,670,,,Cabo Verde
,Cambodia,27/06/2021,"11,55","104,9167",POINT(104.9167 11.55),47649,540,42157,4952,,,Cambodia
,Cameroon,27/06/2021,"3,848","11,5021",POINT(11.5021 3.848),80487,1320,35261,43906,,,Cameroon
Alberta,Canada,27/06/2021,"53,9333","-116,5765",POINT(-116.5765 53.9333),231641,2293,227768,1580,,,"Alberta, Canada"
British Columbia,Canada,27/06/2021,"53,7267","-127,6476",POINT(-127.6476 53.7267),147418,1749,144554,1115,,,"British Columbia, Canada"
Diamond Princess,Canada,27/06/2021,,,,0,1,0,,,,"Diamond Princess, Canada"
Grand Princess,Canada,27/06/2021,,,,13,0,13,0,,,"Grand Princess, Canada"
Manitoba,Canada,27/06/2021,"53,7609","-98,8139",POINT(-98.8139 53.7609),55975,1139,53356,1480,,,"Manitoba, Canada"
New Brunswick,Canada,27/06/2021,"46,5653","-66,4619",POINT(-66.4619 46.5653),2325,45,2254,26,,,"New Brunswick, Canada"
Newfoundland and Labrador,Canada,27/06/2021,"53,1355","-57,6604",POINT(-57.6604 53.1355),1384,7,1366,11,,,"Newfoundland and Labrador, Canada"
Northwest Territories,Canada,27/06/2021,"64,8255","-124,8457",POINT(-124.8457 64.8255),128,0,128,0,,,"Northwest Territories,Canada"
Nova Scotia,Canada,27/06/2021,"44,682","-63,7443",POINT(-63.7443 44.682),5828,92,5678,58,,,"Nova Scotia, Canada"
Nunavut,Canada,27/06/2021,"70,2998","-83,1076",POINT(-83.1076 70.2998),657,4,653,0,,,"Nunavut, Canada"
Ontario,Canada,27/06/2021,"51,2538","-85,3232",POINT(-85.3232 51.2538),551595,9085,539504,3006,,,"Ontario, Canada"
Prince Edward Island,Canada,27/06/2021,"46,5107","-63,4168",POINT(-63.4168 46.5107),206,0,206,0,,,"Prince Edward Island, Canada"
Quebec,Canada,27/06/2021,"52,9399","-73,5491",POINT(-73.5491 52.9399),374406,11202,362130,1074,,,"Quebec, Canada"
Repatriated Travellers,Canada,27/06/2021,,,,13,0,13,0,,,"Repatriated Travellers, Canada"
Saskatchewan,Canada,27/06/2021,"52,9399","-106,4509",POINT(-106.4509 52.9399),48754,566,47639,549,,,"Saskatchewan, Canada"
Yukon,Canada,27/06/2021,"64,2823",-135,POINT(-135 64.2823),264,4,152,108,,,"Yukon, Canada"
,Central African Republic,27/06/2021,"6,6111","20,9394",POINT(20.9394 6.6111),7139,98,6859,182,,,Central African Republic
,Chad,27/06/2021,"15,4542","18,7322",POINT(18.7322 15.4542),4951,174,4769,8,,,Chad
Antofagasta,Chile,27/06/2021,"-23,6509","-70,3975",POINT(-70.3975 -23.6509),57119,1114,55153,852,,,"Antofagasta, Chile"
Araucania,Chile,27/06/2021,"-38,9489","-72,3311",POINT(-72.3311 -38.9489),91974,1209,88877,1888,,,"Araucania, Chile"
Arica y Parinacota,Chile,27/06/2021,"-18,594","-69,4785",POINT(-69.4785 -18.594),24915,475,23844,596,,,"Arica y Parinacota, Chile"
Atacama,Chile,27/06/2021,"-27,5661","-70,0503",POINT(-70.0503 -27.5661),24391,276,23400,715,,,"Atacama, Chile"
Aysen,Chile,27/06/2021,"-45,9864","-73,7669",POINT(-73.7669 -45.9864),7595,60,7245,290,,,"Aysen, Chile"
Biobio,Chile,27/06/2021,"-37,4464","-72,1416",POINT(-72.1416 -37.4464),142456,2299,137719,2438,,,"Biobio, Chile"
Coquimbo,Chile,27/06/2021,"-29,959","-71,3389",POINT(-71.3389 -29.959),44556,809,42446,1301,,,"Coquimbo, Chile"
Los Lagos,Chile,27/06/2021,"-41,9198","-72,1416",POINT(-72.1416 -41.9198),84115,1186,81708,1221,,,"Los Lagos, Chile"
Los Rios,Chile,27/06/2021,"-40,231","-72,3311",POINT(-72.3311 -40.231),44861,531,43027,1303,,,"Los Rios, Chile"
Magallanes,Chile,27/06/2021,"-52,368","-70,9863",POINT(-70.9863 -52.368),28811,447,28200,164,,,"Magallanes, Chile"
Maule,Chile,27/06/2021,"-35,5183","-71,6885",POINT(-71.6885 -35.5183),95093,1511,91461,2121,,,"Maule, Chile"
Metropolitana,Chile,27/06/2021,"-33,4376","-70,6505",POINT(-70.6505 -33.4376),649857,16856,620921,12080,,,"Metropolitana, Chile"
Nuble,Chile,27/06/2021,"-36,7226","-71,7622",POINT(-71.7622 -36.7226),33798,563,32606,629,,,"Nuble, Chile"
OHiggins,Chile,27/06/2021,"-34,5755","-71,0022",POINT(-71.0022 -34.5755),65063,1322,62439,1302,,,"OHiggins, Chile"
Tarapaca,Chile,27/06/2021,"-19,9232","-69,5132",POINT(-69.5132 -19.9232),38840,726,37681,433,,,"Tarapaca, Chile"
Unknown,Chile,27/06/2021,,,,52,0,52,0,,,"Unknown, Chile"
Valparaiso,Chile,27/06/2021,"-33,0472","-71,6127",POINT(-71.6127 -33.0472),113607,2914,107631,3062,,,"Valparaiso, Chile"
Anhui,China,27/06/2021,"31,8257","117,2264",POINT(117.2264 31.8257),1004,6,998,0,,,"Anhui, China"
Beijing,China,27/06/2021,"40,1824","116,4142",POINT(116.4142 40.1824),1079,9,1054,16,,,"Beijing, China"
Chongqing,China,27/06/2021,"30,0572","107,874",POINT(107.874 30.0572),598,6,591,1,,,"Chongqing, China"
Fujian,China,27/06/2021,"26,0789","117,9874",POINT(117.9874 26.0789),672,1,620,51,,,"Fujian, China"
Gansu,China,27/06/2021,"35,7518","104,2861",POINT(104.2861 35.7518),195,2,192,1,,,"Gansu, China"
Guangdong,China,27/06/2021,"23,3417","113,4244",POINT(113.4244 23.3417),2733,8,2558,167,,,"Guangdong, China"
Guangxi,China,27/06/2021,"23,8298","108,7881",POINT(108.7881 23.8298),275,2,273,0,,,"Guangxi, China"
Guizhou,China,27/06/2021,"26,8154","106,8748",POINT(106.8748 26.8154),147,2,145,0,,,"Guizhou, China"
Hainan,China,27/06/2021,"19,1959","109,7453",POINT(109.7453 19.1959),188,6,181,1,,,"Hainan, China"
Hebei,China,27/06/2021,"37,8957","114,9042",POINT(114.9042 37.8957),1317,7,1310,0,,,"Hebei, China"
Heilongjiang,China,27/06/2021,"47,862","127,7615",POINT(127.7615 47.862),1612,13,1599,0,,,"Heilongjiang, China"
Henan,China,27/06/2021,"33,882","113,614",POINT(113.614 33.882),1317,22,1291,4,,,"Henan, China"
Hong Kong,China,27/06/2021,"22,3","114,2",POINT(114.2 22.3),11917,210,11625,82,,,"Hong Kong, China"
Hubei,China,27/06/2021,"30,9756","112,2707",POINT(112.2707 30.9756),68160,4512,63647,1,,,"Hubei, China"
Hunan,China,27/06/2021,"27,6104","111,7088",POINT(111.7088 27.6104),1056,4,1047,5,,,"Hunan, China"
Inner Mongolia,China,27/06/2021,"44,0935","113,9448",POINT(113.9448 44.0935),394,1,390,3,,,"Inner Mongolia, China"
Jiangsu,China,27/06/2021,"32,9711","119,455",POINT(119.455 32.9711),742,0,729,13,,,"Jiangsu, China"
Jiangxi,China,27/06/2021,"27,614","115,7221",POINT(115.7221 27.614),937,1,936,0,,,"Jiangxi, China"
Jilin,China,27/06/2021,"43,6661","126,1923",POINT(126.1923 43.6661),573,3,570,0,,,"Jilin, China"
Liaoning,China,27/06/2021,"41,2956","122,6085",POINT(122.6085 41.2956),427,2,424,1,,,"Liaoning, China"
Macau,China,27/06/2021,"22,1667","113,55",POINT(113.55 22.1667),53,0,51,2,,,"Macau, China"
Ningxia,China,27/06/2021,"37,2692","106,1655",POINT(106.1655 37.2692),76,0,75,1,,,"Ningxia, China"
Qinghai,China,27/06/2021,"35,7452","95,9956",POINT(95.9956 35.7452),18,0,18,0,,,"Qinghai, China"
Shaanxi,China,27/06/2021,"35,1917","108,8701",POINT(108.8701 35.1917),624,3,617,4,,,"Shaanxi, China"
Shandong,China,27/06/2021,"36,3427","118,1498",POINT(118.1498 36.3427),883,7,875,1,,,"Shandong, China"
Shanghai,China,27/06/2021,"31,202","121,4491",POINT(121.4491 31.202),2201,7,2140,54,,,"Shanghai, China"
Shanxi,China,27/06/2021,"37,5777","112,2922",POINT(112.2922 37.5777),253,0,252,1,,,"Shanxi, China"
Sichuan,China,27/06/2021,"30,6171","102,7103",POINT(102.7103 30.6171),1095,3,1048,44,,,"Sichuan, China"
Tianjin,China,27/06/2021,"39,3054","117,323",POINT(117.323 39.3054),401,3,388,10,,,"Tianjin, China"
Tibet,China,27/06/2021,"31,6927","88,0924",POINT(88.0924 31.6927),1,0,1,0,,,"Tibet, China"
Unknown,China,27/06/2021,,,,0,0,17,-17,,,"Unknown, China"
Xinjiang,China,27/06/2021,"41,1129","85,2401",POINT(85.2401 41.1129),980,3,977,0,,,"Xinjiang, China"
Yunnan,China,27/06/2021,"24,974","101,487",POINT(101.487 24.974),411,2,355,54,,,"Yunnan, China"
Zhejiang,China,27/06/2021,"29,1832","120,0934",POINT(120.0934 29.1832),1385,1,1337,47,,,"Zhejiang, China"
Amazonas,Colombia,27/06/2021,"-1,4429","-71,5724",POINT(-71.5724 -1.4429),6389,244,6104,41,,,"Amazonas, Colombia"
Antioquia,Colombia,27/06/2021,"7,1986","-75,3412",POINT(-75.3412 7.1986),633973,13660,588368,31945,,,"Antioquia, Colombia"
Arauca,Colombia,27/06/2021,"7,0762","-70,7105",POINT(-70.7105 7.0762),10431,301,9436,694,,,"Arauca, Colombia"
Atlantico,Colombia,27/06/2021,"10,6966","-74,8741",POINT(-74.8741 10.6966),289464,8930,275990,4544,,,"Atlantico, Colombia"
Bolivar,Colombia,27/06/2021,"8,6704","-74,03",POINT(-74.03 8.6704),130227,2455,123867,3905,,,"Bolivar, Colombia"
Boyaca,Colombia,27/06/2021,"5,4545","-73,362",POINT(-73.362 5.4545),87269,2008,80755,4506,,,"Boyaca, Colombia"
Caldas,Colombia,27/06/2021,"5,2983","-75,2479",POINT(-75.2479 5.2983),87923,1793,82525,3605,,,"Caldas, Colombia"
Capital District,Colombia,27/06/2021,"4,711","-74,0721",POINT(-74.0721 4.711),1225804,23218,1119486,83100,,,"Capital District, Colombia"
Caqueta,Colombia,27/06/2021,"0,8699","-73,8419",POINT(-73.8419 0.8699),20089,770,18799,520,,,"Caqueta, Colombia"
Casanare,Colombia,27/06/2021,"5,7589","-71,5724",POINT(-71.5724 5.7589),28820,695,26367,1758,,,"Casanare, Colombia"
Cauca,Colombia,27/06/2021,"2,705","-76,826",POINT(-76.826 2.705),41091,1101,37837,2153,,,"Cauca, Colombia"
Cesar,Colombia,27/06/2021,"9,3373","-73,6536",POINT(-73.6536 9.3373),79400,2150,74739,2511,,,"Cesar, Colombia"
Choco,Colombia,27/06/2021,"5,2528","-76,826",POINT(-76.826 5.2528),14135,340,13432,363,,,"Choco, Colombia"
Cordoba,Colombia,27/06/2021,"8,0493","-75,574",POINT(-75.574 8.0493),79922,2968,72169,4785,,,"Cordoba, Colombia"
Cundinamarca,Colombia,27/06/2021,"5,026","-74,03",POINT(-74.03 5.026),218026,5662,203157,9207,,,"Cundinamarca, Colombia"
Guainia,Colombia,27/06/2021,"2,5854","-68,5247",POINT(-68.5247 2.5854),2039,23,1992,24,,,"Guainia, Colombia"
Guaviare,Colombia,27/06/2021,"1,0654","-73,2603",POINT(-73.2603 1.0654),4262,75,4070,117,,,"Guaviare, Colombia"
Huila,Colombia,27/06/2021,"2,5359","-75,5277",POINT(-75.5277 2.5359),69820,2352,65087,2381,,,"Huila, Colombia"
La Guajira,Colombia,27/06/2021,"11,3548","-72,5205",POINT(-72.5205 11.3548),39240,1239,37416,585,,,"La Guajira, Colombia"
Magdalena,Colombia,27/06/2021,"10,4113","-74,4057",POINT(-74.4057 10.4113),79750,2941,74276,2533,,,"Magdalena, Colombia"
Meta,Colombia,27/06/2021,"3,272","-73,0877",POINT(-73.0877 3.272),69295,1649,65091,2555,,,"Meta, Colombia"
Narino,Colombia,27/06/2021,"1,2892","-77,3579",POINT(-77.3579 1.2892),76274,2547,70022,3705,,,"Narino, Colombia"
Norte de Santander,Colombia,27/06/2021,"7,9463","-72,8988",POINT(-72.8988 7.9463),73720,3451,66795,3474,,,"Norte de Santander, Colombia"
Putumayo,Colombia,27/06/2021,"0,436","-75,5277",POINT(-75.5277 0.436),13469,561,12461,447,,,"Putumayo, Colombia"
Quindio,Colombia,27/06/2021,"4,461","-75,6674",POINT(-75.6674 4.461),48733,1447,46117,1169,,,"Quindio, Colombia"
Risaralda,Colombia,27/06/2021,"5,3158","-75,9928",POINT(-75.9928 5.3158),74270,1809,69465,2996,,,"Risaralda, Colombia"
San Andres y Providencia,Colombia,27/06/2021,"12,5567","-81,7185",POINT(-81.7185 12.5567),6256,123,6044,89,,,"San Andres y Providencia, Colombia"
Santander,Colombia,27/06/2021,"6,6437","-73,6536",POINT(-73.6536 6.6437),186345,5847,171234,9264,,,"Santander, Colombia"
Sucre,Colombia,27/06/2021,"8,814","-74,7233",POINT(-74.7233 8.814),47873,1338,43596,2939,,,"Sucre, Colombia"
Tolima,Colombia,27/06/2021,"4,0925","-75,1545",POINT(-75.1545 4.0925),88653,2847,83097,2709,,,"Tolima, Colombia"
Unknown,Colombia,27/06/2021,,,,0,0,1,,,,"Unknown, Colombia"
Valle del Cauca,Colombia,27/06/2021,"3,8009","-76,6413",POINT(-76.6413 3.8009),321651,10082,300673,10896,,,"Valle del Cauca, Colombia"
Vaupes,Colombia,27/06/2021,"0,8554","-70,812",POINT(-70.812 0.8554),1669,15,1644,10,,,"Vaupes, Colombia"
Vichada,Colombia,27/06/2021,"4,4234","-69,2878",POINT(-69.2878 4.4234),2434,37,2345,52,,,"Vichada, Colombia"
,Comoros,27/06/2021,"-11,6455","43,3333",POINT(43.3333 -11.6455),3912,146,3745,21,,,Comoros
,Congo (Brazzaville),27/06/2021,"-0,228","15,8277",POINT(15.8277 -0.228),12485,165,11211,1109,,,Congo (Brazzaville)
,Congo (Kinshasa),27/06/2021,"-4,0383","21,7587",POINT(21.7587 -4.0383),40254,916,28219,11119,,,Congo (Kinshasa)
,Costa Rica,27/06/2021,"9,7489","-83,7534",POINT(-83.7534 9.7489),361005,4602,287248,69155,,,Costa Rica
,Cote d'Ivoire,27/06/2021,"7,54","-5,5471",POINT(-5.5471 7.54),48192,312,47773,107,,,Cote d'Ivoire
,Croatia,27/06/2021,"45,1","15,2",POINT(15.2 45.1),359652,8200,350938,514,,,Croatia
,Cuba,27/06/2021,"21,521757","-77,781167",POINT(-77.781167 21.521757),182354,1241,168872,12241,,,Cuba
,Cyprus,27/06/2021,"35,1264","33,4299",POINT(33.4299 35.1264),74785,374,39061,35350,,,Cyprus
,Czechia,27/06/2021,"49,8175","15,473",POINT(15.473 49.8175),1666890,30298,1634739,1853,,,Czechia
Faroe Islands,Denmark,27/06/2021,"61,8926","-6,9118",POINT(-6.9118 61.8926),772,1,757,14,,,"Faroe Islands, Denmark"
Greenland,Denmark,27/06/2021,"71,7069","-42,6043",POINT(-42.6043 71.7069),50,0,41,9,,,"Greenland, Denmark"
,Denmark,27/06/2021,"56,2639","9,5018",POINT(9.5018 56.2639),292943,2532,287344,3067,,,Denmark
,Diamond Princess,27/06/2021,,,,712,13,699,0,,,Diamond Princess
,Djibouti,27/06/2021,"11,8251","42,5903",POINT(42.5903 11.8251),11601,155,11438,8,,,Djibouti
,Dominica,27/06/2021,"15,415","-61,371",POINT(-61.371 15.415),193,0,191,2,,,Dominica
,Dominican Republic,27/06/2021,"18,7357","-70,1627",POINT(-70.1627 18.7357),322778,3797,263958,55023,,,Dominican Republic
,Ecuador,27/06/2021,"-1,8312","-78,1834",POINT(-78.1834 -1.8312),454336,21523,423688,9125,,,Ecuador
,Egypt,27/06/2021,"26,820553","30,802498",POINT(30.802498 26.820553),280394,16092,210052,54250,,,Egypt
,El Salvador,27/06/2021,"13,7942","-88,8965",POINT(-88.8965 13.7942),78572,2367,72438,3767,,,El Salvador
,Equatorial Guinea,27/06/2021,"1,6508","10,2679",POINT(10.2679 1.6508),8723,121,8510,92,,,Equatorial Guinea
,Eritrea,27/06/2021,"15,1794","39,7823",POINT(39.7823 15.1794),5780,21,5261,498,,,Eritrea
,Estonia,27/06/2021,"58,5953","25,0136",POINT(25.0136 58.5953),130968,1269,127149,2550,,,Estonia
,Eswatini,27/06/2021,"-26,5225","31,4659",POINT(31.4659 -26.5225),19035,678,18095,262,,,Eswatini
,Ethiopia,27/06/2021,"9,145","40,4897",POINT(40.4897 9.145),275935,4314,259044,12577,,,Ethiopia
,Fiji,27/06/2021,"-17,7134","178,065",POINT(178.065 -17.7134),3591,15,753,2823,,,Fiji
,Finland,27/06/2021,"61,92411","25,748151",POINT(25.748151 61.92411),95084,969,46000,48115,,,Finland
French Guiana,France,27/06/2021,4,-53,POINT(-53 4),27040,142,9995,16903,,,"French Guiana, France"
French Polynesia,France,27/06/2021,"-17,6797","-149,4068",POINT(-149.4068 -17.6797),18994,142,18828,24,,,"French Polynesia, France"
Guadeloupe,France,27/06/2021,"16,265","-61,551",POINT(-61.551 16.265),17427,266,2250,14911,,,"Guadeloupe, France"
Martinique,France,27/06/2021,"14,6415","-61,0242",POINT(-61.0242 14.6415),12199,99,98,12002,,,"Martinique, France"
Mayotte,France,27/06/2021,"-12,8275","45,166244",POINT(45.166244 -12.8275),19405,174,2964,16267,,,"Mayotte, France"
New Caledonia,France,27/06/2021,"-20,904305","165,618042",POINT(165.618042 -20.904305),129,0,58,71,,,"New Caledonia, France"
Reunion,France,27/06/2021,"-21,1151","55,5364",POINT(55.5364 -21.1151),29502,226,27585,1691,,,"Reunion, France"
Saint Barthelemy,France,27/06/2021,"17,9","-62,8333",POINT(-62.8333 17.9),1005,1,462,542,,,"Saint Barthelemy, France"
Saint Pierre and Miquelon,France,27/06/2021,"46,8852","-56,3159",POINT(-56.3159 46.8852),26,0,25,1,,,"Saint Pierre and Miquelon, France"
St Martin,France,27/06/2021,"18,0708","-63,0501",POINT(-63.0501 18.0708),2276,12,1399,865,,,"St Martin, France"
Wallis and Futuna,France,27/06/2021,"-14,2938","-178,1165",POINT(-178.1165 -14.2938),445,7,438,0,,,"Wallis and Futuna, France"
,France,27/06/2021,"46,2276","2,2137",POINT(2.2137 46.2276),5703524,110061,340293,5253170,,,France
,Gabon,27/06/2021,"-0,8037","11,6094",POINT(11.6094 -0.8037),24984,159,24598,227,,,Gabon
,Gambia,27/06/2021,"13,4432","-15,3101",POINT(-15.3101 13.4432),6069,181,5855,33,,,Gambia
,Georgia,27/06/2021,"42,3154","43,3569",POINT(43.3569 42.3154),363522,5266,349658,8598,,,Georgia
Baden-Wurttemberg,Germany,27/06/2021,"48,6616","9,3501",POINT(9.3501 48.6616),500625,10226,487500,2899,,,"Baden-Wurttemberg, Germany"
Bayern,Germany,27/06/2021,"48,7904","11,4979",POINT(11.4979 48.7904),647295,15244,629200,2851,,,"Bayern, Germany"
Berlin,Germany,27/06/2021,"52,52","13,405",POINT(13.405 52.52),180121,3556,175900,665,,,"Berlin, Germany"
Brandenburg,Germany,27/06/2021,"52,4125","12,5316",POINT(12.5316 52.4125),108675,3794,104600,281,,,"Brandenburg, Germany"
Bremen,Germany,27/06/2021,"53,0793","8,8017",POINT(8.8017 53.0793),27426,484,26850,92,,,"Bremen, Germany"
Hamburg,Germany,27/06/2021,"53,5511","9,9937",POINT(9.9937 53.5511),77300,1590,75100,610,,,"Hamburg, Germany"
Hessen,Germany,27/06/2021,"50,6521","9,1624",POINT(9.1624 50.6521),290712,7505,281200,2007,,,"Hessen, Germany"
Mecklenburg-Vorpommern,Germany,27/06/2021,"53,6127","12,4296",POINT(12.4296 53.6127),44138,1152,42910,76,,,"Mecklenburg-Vorpommern, Germany"
Niedersachsen,Germany,27/06/2021,"52,6367","9,8451",POINT(9.8451 52.6367),260916,5757,254300,859,,,"Niedersachsen, Germany"
Nordrhein-Westfalen,Germany,27/06/2021,"51,4332","7,6616",POINT(7.6616 51.4332),815824,17113,794900,3811,,,"Nordrhein-Westfalen, Germany"
Rheinland-Pfalz,Germany,27/06/2021,"50,1183","7,309",POINT(7.309 50.1183),155119,3882,150400,837,,,"Rheinland-Pfalz, Germany"
Saarland,Germany,27/06/2021,"49,3964","7,023",POINT(7.023 49.3964),41453,1019,40270,164,,,"Saarland, Germany"
Sachsen,Germany,27/06/2021,"51,1045","13,2017",POINT(13.2017 51.1045),285802,10068,274600,1134,,,"Sachsen, Germany"
Sachsen-Anhalt,Germany,27/06/2021,"51,9503","11,6923",POINT(11.6923 51.9503),99267,3430,95450,387,,,"Sachsen-Anhalt, Germany"
Schleswig-Holstein,Germany,27/06/2021,"54,2194","9,6961",POINT(9.6961 54.2194),63858,1620,61930,308,,,"Schleswig-Holstein, Germany"
Thuringen,Germany,27/06/2021,"51,011","10,8453",POINT(10.8453 51.011),128742,4328,123900,514,,,"Thuringen, Germany"
Unknown,Germany,27/06/2021,,,,7216,0,0,7216,,,"Unknown, Germany"
,Ghana,27/06/2021,"7,9465","-1,0232",POINT(-1.0232 7.9465),95369,795,93212,1362,,,Ghana
,Greece,27/06/2021,"39,0742","21,8243",POINT(21.8243 39.0742),420905,12655,93764,314486,,,Greece
,Grenada,27/06/2021,"12,1165","-61,679",POINT(-61.679 12.1165),161,1,160,0,,,Grenada
,Guatemala,27/06/2021,"15,7835","-90,2308",POINT(-90.2308 15.7835),291595,9050,262171,20374,,,Guatemala
,Guinea,27/06/2021,"9,9456","-9,6966",POINT(-9.6966 9.9456),23692,168,22392,1132,,,Guinea
,Guinea-Bissau,27/06/2021,"11,8037","-15,1804",POINT(-15.1804 11.8037),3846,69,3574,203,,,Guinea-Bissau
,Guyana,27/06/2021,"4,860416","-58,93018",POINT(-58.93018 4.860416),19877,462,17681,1734,,,Guyana
,Haiti,27/06/2021,"18,9712","-72,2852",POINT(-72.2852 18.9712),17963,400,12802,4761,,,Haiti
,Holy See,27/06/2021,"41,9029","12,4534",POINT(12.4534 41.9029),27,0,27,0,,,Holy See
,Honduras,27/06/2021,"15,2","-86,2419",POINT(-86.2419 15.2),259628,6916,92309,160403,,,Honduras
,Hungary,27/06/2021,"47,1625","19,5033",POINT(19.5033 47.1625),807910,29980,737233,40697,,,Hungary
,Iceland,27/06/2021,"64,9631","-19,0208",POINT(-19.0208 64.9631),6555,29,6476,50,,,Iceland
Andaman and Nicobar Islands,India,27/06/2021,"11,225999","92,968178",POINT(92.968178 11.225999),7455,127,7266,62,,,"Andaman and Nicobar Islands, India"
Andhra Pradesh,India,27/06/2021,"15,9129","79,74",POINT(79.74 15.9129),1879872,12599,1822500,44773,,,"Andhra Pradesh, India"
Arunachal Pradesh,India,27/06/2021,"27,768456","96,384277",POINT(96.384277 27.768456),34932,167,32270,2495,,,"Arunachal Pradesh, India"
Assam,India,27/06/2021,"26,357149","92,830441",POINT(92.830441 26.357149),500644,4440,469067,27137,,,"Assam, India"
Bihar,India,27/06/2021,"25,679658","85,60484",POINT(85.60484 25.679658),721299,9579,709578,2142,,,"Bihar, India"
Chandigarh,India,27/06/2021,"30,733839","76,768278",POINT(76.768278 30.733839),61624,807,60614,203,,,"Chandigarh, India"
Chhattisgarh,India,27/06/2021,"21,264705","82,035366",POINT(82.035366 21.264705),993289,13431,973262,6596,,,"Chhattisgarh, India"
Dadra and Nagar Haveli and Daman and Diu,India,27/06/2021,"20,194742","73,080901",POINT(73.080901 20.194742),10539,4,10490,45,,,"Dadra and Nagar Haveli and Daman and Diu, India"
Delhi,India,27/06/2021,"28,646519","77,10898",POINT(77.10898 28.646519),1433934,24965,1407401,1568,,,"Delhi, India"
Goa,India,27/06/2021,"15,359682","74,057396",POINT(74.057396 15.359682),166098,3039,160548,2511,,,"Goa, India"
Gujarat,India,27/06/2021,"22,694884","71,590923",POINT(71.590923 22.694884),823244,10051,809506,3687,,,"Gujarat, India"
Haryana,India,27/06/2021,"29,20004","76,332824",POINT(76.332824 29.20004),768378,9385,757308,1685,,,"Haryana, India"
Himachal Pradesh,India,27/06/2021,"31,927213","77,233081",POINT(77.233081 31.927213),201665,3473,196438,1754,,,"Himachal Pradesh, India"
Jammu and Kashmir,India,27/06/2021,"33,75943","76,612638",POINT(76.612638 33.75943),314731,4304,305135,5292,,,"Jammu and Kashmir, India"
Jharkhand,India,27/06/2021,"23,654536","85,557631",POINT(85.557631 23.654536),345340,5111,339199,1030,,,"Jharkhand, India"
Karnataka,India,27/06/2021,"14,70518","76,166436",POINT(76.166436 14.70518),2834630,34743,2698822,101065,,,"Karnataka, India"
Kerala,India,27/06/2021,"10,450898","76,405749",POINT(76.405749 10.450898),2888894,12879,2775967,100048,,,"Kerala, India"
Ladakh,India,27/06/2021,"34,1526","77,5771",POINT(77.5771 34.1526),19964,202,19481,281,,,"Ladakh, India"
Lakshadweep,India,27/06/2021,"13,6999972","72,1833326",POINT(72.1833326 13.6999972),9681,48,9337,296,,,"Lakshadweep, India"
Madhya Pradesh,India,27/06/2021,"23,541513","78,289633",POINT(78.289633 23.541513),789696,8917,779963,816,,,"Madhya Pradesh, India"
Maharashtra,India,27/06/2021,"19,449759","76,108221",POINT(76.108221 19.449759),6036821,121286,5790113,125422,,,"Maharashtra, India"
Manipur,India,27/06/2021,"24,738975","93,882541",POINT(93.882541 24.738975),67986,1124,61038,5824,,,"Manipur, India"
Meghalaya,India,27/06/2021,"25,536934","91,278882",POINT(91.278882 25.536934),48447,819,43070,4558,,,"Meghalaya, India"
Mizoram,India,27/06/2021,"23,309381","92,83822",POINT(92.83822 23.309381),19455,91,15040,4324,,,"Mizoram, India"
Nagaland,India,27/06/2021,"26,06702","94,470302",POINT(94.470302 26.06702),24961,487,22951,1523,,,"Nagaland, India"
Odisha,India,27/06/2021,"20,505428","84,418059",POINT(84.418059 20.505428),900470,3887,867402,29181,,,"Odisha, India"
Puducherry,India,27/06/2021,"11,882658","78,86498",POINT(78.86498 11.882658),116645,1744,112229,2672,,,"Puducherry, India"
Punjab,India,27/06/2021,"30,841465","75,40879",POINT(75.40879 30.841465),594883,15991,574872,4020,,,"Punjab, India"
Rajasthan,India,27/06/2021,"26,583423","73,847973",POINT(73.847973 26.583423),952129,8914,941482,1733,,,"Rajasthan, India"
Sikkim,India,27/06/2021,"27,571671","88,472712",POINT(88.472712 27.571671),20111,301,17673,2137,,,"Sikkim, India"
Tamil Nadu,India,27/06/2021,"11,006091","78,400624",POINT(78.400624 11.006091),2465874,32290,2390783,42801,,,"Tamil Nadu, India"
Telangana,India,27/06/2021,"18,1124","79,0193",POINT(79.0193 18.1124),620613,3635,602676,14302,,,"Telangana, India"
Tripura,India,27/06/2021,"23,746783","91,743565",POINT(91.743565 23.746783),64863,672,60694,3497,,,"Tripura, India"
Unknown,India,27/06/2021,,,,0,0,0,0,,,"Unknown, India"
Uttar Pradesh,India,27/06/2021,"26,925425","80,560982",POINT(80.560982 26.925425),1705596,22518,1679913,3165,,,"Uttar Pradesh, India"
Uttarakhand,India,27/06/2021,"30,156447","79,197608",POINT(79.197608 30.156447),339619,7088,330066,2465,,,"Uttarakhand, India"
West Bengal,India,27/06/2021,"23,814082","87,979803",POINT(87.979803 23.814082),1494949,17612,1455453,21884,,,"West Bengal, India"
,Indonesia,27/06/2021,"-0,7893","113,9213",POINT(113.9213 -0.7893),2115304,57138,1850481,207685,,,Indonesia
,Iran,27/06/2021,"32,427908","53,688046",POINT(53.688046 32.427908),3167741,83845,2835633,248263,,,Iran
,Iraq,27/06/2021,"33,223191","43,679291",POINT(43.679291 33.223191),1325700,17091,1231225,77384,,,Iraq
,Ireland,27/06/2021,"53,1424","-7,6921",POINT(-7.6921 53.1424),271260,4989,23364,242907,,,Ireland
,Israel,27/06/2021,"31,046051","34,851612",POINT(34.851612 31.046051),840888,6429,833169,1290,,,Israel
Abruzzo,Italy,27/06/2021,"42,35122196","13,39843823",POINT(13.39843823 42.35122196),74761,2512,71220,1029,,,"Abruzzo, Italy"
Basilicata,Italy,27/06/2021,"40,63947052","15,80514834",POINT(15.80514834 40.63947052),26933,590,25500,843,,,"Basilicata, Italy"
Calabria,Italy,27/06/2021,"38,90597598","16,59440194",POINT(16.59440194 38.90597598),68905,1224,62172,5509,,,"Calabria, Italy"
Campania,Italy,27/06/2021,"40,83956555","14,25084984",POINT(14.25084984 40.83956555),424027,7433,407593,9001,,,"Campania, Italy"
Emilia-Romagna,Italy,27/06/2021,"44,49436681","11,3417208",POINT(11.3417208 44.49436681),386695,13257,369715,3723,,,"Emilia-Romagna, Italy"
Friuli Venezia Giulia,Italy,27/06/2021,"45,6494354","13,76813649",POINT(13.76813649 45.6494354),106911,3787,102907,217,,,"Friuli Venezia Giulia, Italy"
Lazio,Italy,27/06/2021,"41,89277044","12,48366722",POINT(12.48366722 41.89277044),345816,8322,334023,3471,,,"Lazio, Italy"
Liguria,Italy,27/06/2021,"44,41149315","8,9326992",POINT(8.9326992 44.41149315),103406,4350,98882,174,,,"Liguria, Italy"
Lombardia,Italy,27/06/2021,"45,46679409","9,190347404",POINT(9.190347404 45.46679409),841552,33774,795931,11847,,,"Lombardia, Italy"
Marche,Italy,27/06/2021,"43,61675973","13,5188753",POINT(13.5188753 43.61675973),103614,3036,99163,1415,,,"Marche, Italy"
Molise,Italy,27/06/2021,"41,55774754","14,65916051",POINT(14.65916051 41.55774754),13717,491,13128,98,,,"Molise, Italy"
P.A. Bolzano,Italy,27/06/2021,"46,49933453","11,35662422",POINT(11.35662422 46.49933453),73288,1180,71932,176,,,"P.A. Bolzano, Italy"
P.A. Trento,Italy,27/06/2021,"46,06893511","11,12123097",POINT(11.12123097 46.06893511),45758,1362,44320,76,,,"P.A. Trento, Italy"
Piemonte,Italy,27/06/2021,"45,0732745","7,680687483",POINT(7.680687483 45.0732745),362849,11694,350094,1061,,,"Piemonte, Italy"
Puglia,Italy,27/06/2021,"41,12559576","16,86736689",POINT(16.86736689 41.12559576),253238,6640,242723,3875,,,"Puglia, Italy"
Sardegna,Italy,27/06/2021,"39,21531192","9,110616306",POINT(9.110616306 39.21531192),57207,1490,53362,2355,,,"Sardegna, Italy"
Sicilia,Italy,27/06/2021,"38,11569725","13,3623567",POINT(13.3623567 38.11569725),231371,5965,221038,4368,,,"Sicilia, Italy"
Toscana,Italy,27/06/2021,"43,76923077","11,25588885",POINT(11.25588885 43.76923077),244186,6861,234940,2385,,,"Toscana, Italy"
Umbria,Italy,27/06/2021,"43,10675841","12,38824698",POINT(12.38824698 43.10675841),56837,1419,54627,791,,,"Umbria, Italy"
Valle d'Aosta,Italy,27/06/2021,"45,73750286","7,320149366",POINT(7.320149366 45.73750286),11685,473,11176,36,,,"Valle d'Aosta, Italy"
Veneto,Italy,27/06/2021,"45,43490485","12,33845213",POINT(12.33845213 45.43490485),425313,11612,408989,4712,,,"Veneto, Italy"
,Jamaica,27/06/2021,"18,1096","-77,2975",POINT(-77.2975 18.1096),50005,1061,29830,19114,,,Jamaica
Aichi,Japan,27/06/2021,"35,035551","137,211621",POINT(137.211621 35.035551),51023,936,48659,1428,,,"Aichi, Japan"
Akita,Japan,27/06/2021,"39,748679","140,408228",POINT(140.408228 39.748679),835,20,743,72,,,"Akita, Japan"
Aomori,Japan,27/06/2021,"40,781541","140,828896",POINT(140.828896 40.781541),2477,30,2412,35,,,"Aomori, Japan"
Chiba,Japan,27/06/2021,"35,510141","140,198917",POINT(140.198917 35.510141),39893,703,38093,1097,,,"Chiba, Japan"
Ehime,Japan,27/06/2021,"33,624835","132,856842",POINT(132.856842 33.624835),2756,74,2664,18,,,"Ehime, Japan"
Fukui,Japan,27/06/2021,"35,846614","136,224654",POINT(136.224654 35.846614),1252,34,1041,177,,,"Fukui, Japan"
Fukuoka,Japan,27/06/2021,"33,526032","130,666949",POINT(130.666949 33.526032),35481,523,34344,614,,,"Fukuoka, Japan"
Fukushima,Japan,27/06/2021,"37,378867","140,223295",POINT(140.223295 37.378867),4851,158,4562,131,,,"Fukushima, Japan"
Gifu,Japan,27/06/2021,"35,778671","137,055925",POINT(137.055925 35.778671),9248,181,9087,-20,,,"Gifu, Japan"
Gunma,Japan,27/06/2021,"36,504479","138,985605",POINT(138.985605 36.504479),8032,153,7814,65,,,"Gunma, Japan"
Hiroshima,Japan,27/06/2021,"34,605309","132,788719",POINT(132.788719 34.605309),11476,172,11074,230,,,"Hiroshima, Japan"
Hokkaido,Japan,27/06/2021,"43,385711","142,552318",POINT(142.552318 43.385711),41238,1385,38516,1337,,,"Hokkaido, Japan"
Hyogo,Japan,27/06/2021,"35,039913","134,828057",POINT(134.828057 35.039913),41019,1281,39271,467,,,"Hyogo, Japan"
Ibaraki,Japan,27/06/2021,"36,303588","140,319591",POINT(140.319591 36.303588),10487,163,10027,297,,,"Ibaraki, Japan"
Ishikawa,Japan,27/06/2021,"36,769464","136,771027",POINT(136.771027 36.769464),3933,116,3764,53,,,"Ishikawa, Japan"
Iwate,Japan,27/06/2021,"39,593287","141,361777",POINT(141.361777 39.593287),1667,46,1563,58,,,"Iwate, Japan"
Kagawa,Japan,27/06/2021,"34,217292","133,969047",POINT(133.969047 34.217292),2093,29,2040,24,,,"Kagawa, Japan"
Kagoshima,Japan,27/06/2021,"31,009484","130,430665",POINT(130.430665 31.009484),3604,40,3600,-36,,,"Kagoshima, Japan"
Kanagawa,Japan,27/06/2021,"35,415312","139,338983",POINT(139.338983 35.415312),66876,943,64044,1889,,,"Kanagawa, Japan"
Kochi,Japan,27/06/2021,"33,422519","133,367307",POINT(133.367307 33.422519),1800,24,1671,105,,,"Kochi, Japan"
Kumamoto,Japan,27/06/2021,"32,608154","130,745231",POINT(130.745231 32.608154),6490,117,6266,107,,,"Kumamoto, Japan"
Kyoto,Japan,27/06/2021,"35,253815","135,443341",POINT(135.443341 35.253815),16560,238,16120,202,,,"Kyoto, Japan"
Mie,Japan,27/06/2021,"34,508018","136,376013",POINT(136.376013 34.508018),5245,111,5171,-37,,,"Mie, Japan"
Miyagi,Japan,27/06/2021,"38,446859","140,927086",POINT(140.927086 38.446859),9155,90,8949,116,,,"Miyagi, Japan"
Miyazaki,Japan,27/06/2021,"32,193204","131,299374",POINT(131.299374 32.193204),3073,26,3019,28,,,"Miyazaki, Japan"
Nagano,Japan,27/06/2021,"36,132134","138,045528",POINT(138.045528 36.132134),5026,90,4929,7,,,"Nagano, Japan"
Nagasaki,Japan,27/06/2021,"33,235712","129,608033",POINT(129.608033 33.235712),3164,69,3002,93,,,"Nagasaki, Japan"
Nara,Japan,27/06/2021,"34,317451","135,871644",POINT(135.871644 34.317451),8168,130,7964,74,,,"Nara, Japan"
Niigata,Japan,27/06/2021,"37,521819","138,918647",POINT(138.918647 37.521819),3402,46,3299,57,,,"Niigata, Japan"
Oita,Japan,27/06/2021,"33,200697","131,43324",POINT(131.43324 33.200697),3491,62,3393,36,,,"Oita, Japan"
Okayama,Japan,27/06/2021,"34,89246","133,826252",POINT(133.826252 34.89246),7588,126,7385,77,,,"Okayama, Japan"
Okinawa,Japan,27/06/2021,"25,768923","126,668016",POINT(126.668016 25.768923),20689,180,19111,1398,,,"Okinawa, Japan"
Osaka,Japan,27/06/2021,"34,620965","135,507481",POINT(135.507481 34.620965),103138,2643,98121,2374,,,"Osaka, Japan"
Port Quarantine,Japan,27/06/2021,,,,3110,4,3010,96,,,"Port Quarantine, Japan"
Saga,Japan,27/06/2021,"33,286977","130,115738",POINT(130.115738 33.286977),2569,25,2549,-5,,,"Saga, Japan"
Saitama,Japan,27/06/2021,"35,997101","139,347635",POINT(139.347635 35.997101),46236,831,44257,1148,,,"Saitama, Japan"
Shiga,Japan,27/06/2021,"35,215827","136,138064",POINT(136.138064 35.215827),5546,90,5334,122,,,"Shiga, Japan"
Shimane,Japan,27/06/2021,"35,07076","132,554064",POINT(132.554064 35.07076),564,1,549,14,,,"Shimane, Japan"
Shizuoka,Japan,27/06/2021,"34,916975","138,407784",POINT(138.407784 34.916975),9257,149,8741,367,,,"Shizuoka, Japan"
Tochigi,Japan,27/06/2021,"36,689912","139,819213",POINT(139.819213 36.689912),6971,81,6641,249,,,"Tochigi, Japan"